time_axis,NPQ,Phi2,LEF,qL,Z,V,pmf,Dy,pHlumen,fraction_Dy,fraction_DpH,Klumen,Cl_lumen,Cl_stroma,idx
1199.0500000000002,0.5016290176511123,0.47330482065747204,95.5483778461191,0.27651864142956245,0.04203489562719662,0.9579651043728037,0.09517618061644048,0.005907446522262038,6.3121877650970255,0.06206853946044279,0.9379314605395571,0.08662267208348005,0.04765105698777418,0.0392348943012226,0
1199.0500000000002,0.006461872657422521,0.5419795753814765,109.41211570750083,0.24404818418301905,8.829239692337628e-05,0.9999117076030775,0.0510386932424838,0.00235229942691809,6.988560103073904,0.04608855120454035,0.9539114487954595,0.09159820039478672,0.04294476033214369,0.039705523966785596,1
1199.0500000000002,0.0018699222589038192,0.5537210630280949,111.78226280167448,0.2547276979046928,1.6915715440123157e-05,0.9999830842845594,0.039698637726825345,0.0017969107273976836,7.168304550009539,0.045263788125021055,0.954736211874979,0.09337652807410715,0.042205683151835434,0.03977943168481651,2
