time_axis,NPQ,Phi2,LEF,qL,Z,V,pmf,Dy,pHlumen,fraction_Dy,fraction_DpH,Klumen,Cl_lumen,Cl_stroma,idx
1199.0500000000002,0.03393614451099003,0.5258431493506555,21.230868113252505,0.23496765711423975,0.0008954046496033846,0.9991045953503968,0.06639742102624308,0.0031842345462639054,6.746446892000347,0.047957202199988135,0.9520427978000117,0.08946881856583543,0.044220334760114194,0.03957796652398858,0
1199.0500000000002,0.00030170329941811303,0.5737999652771879,23.16714738156231,0.27596768040770847,1.6683741759213376e-06,0.9999983316258245,0.023074874681073002,0.0010177879208292339,7.432381887329269,0.04410805841444541,0.9558919415855545,0.09615562567953476,0.041292453059847675,0.03987075469401517,1
1199.0500000000002,8.784525621176595e-05,0.5901926627103473,23.829020327023834,0.2951429428092491,3.3088186317516476e-07,0.9999996691181379,0.011855817417066847,0.0005125911360520528,7.610946228649754,0.043235410762268424,0.9567645892377316,0.09804969864591857,0.04069152800625502,0.0399308471993745,2
